Artikelnummer;Name;Einheit;Bestand;Bestand aktiviert;Umsatzsteuer;Einkaufspreis;Verkaufspreis;Kategorie;Ober-Kategorie;Beschreibung
102020;Stiga Akku-Rasentraktor Estate 384e, neu;Stück;2;Ja;19;;3250,00;Rasentraktor;Gartengeräte & Forsttechnik;Akkubetrieben mit 4 x 10 Ah Lithium-Ionen-Akku, Schnittbreite 84 cm, Fangkorb 240 L, Nullwendekreis-Funktion für präzises Mähen
102022;Alpina Rasentraktor AT3 108 HA, neu;Stück;3;Ja;19;;1720,00;Rasentraktor;Gartengeräte & Forsttechnik;Husqvarna-Motor 15,6 PS, Hydrostatantrieb, Schnittbreite 108 cm, Fangkorb 300 L, Geeignet für Flächen bis 5.000 m²
102023;Stihl Rasentraktor RT 6127 ZL, neu;Stück;2;Ja;19;;3900,00;Rasentraktor;Gartengeräte & Forsttechnik;EFI-Motor 25 PS, stufenloses Hydrostatgetriebe, Schnittbreite 127 cm, 6-fach Schnitthöhe, Komfortsitz mit Armlehnen
102026;FERRARI Motormäher 535 HY Powersafe, neu;Stück;4;Ja;19;;5350,00;Motormäher;Gartengeräte & Forsttechnik;Briggs & Stratton 14 PS Benzinmotor, Arbeitsbreite 53 cm, Eigenantrieb, Sicherheits-Totmannbügel nach EN ISO 11684
102029;Husqvarna 555 FXT Forstfreischneider, neu;Stück;3;Ja;19;;980,00;Freischneider;Gartengeräte & Forsttechnik;Husqvarna X-Torq Motor 55,2 ccm, Hartmetallbestückter Schneidkopf für Gestrüpp, Gewicht nur 8,5 kg
102030;Husqvarna 535 FBx Forstfreischneider, neu;Stück;4;Ja;19;;830,00;Freischneider;Gartengeräte & Forsttechnik;Husqvarna X-Torq Motor 35,2 ccm, Kombigerät: Motorsense und Freischneider, Vibrationsdämpfung für ermüdungsfreies Arbeiten
102031;Husqvarna 545 RXT Motorsense, neu;Stück;4;Ja;19;;710,00;Motorsense;Gartengeräte & Forsttechnik;Husqvarna X-Torq Motor 45,7 ccm, Profi-Motorsense mit 460 mm Schnittkreis, Ideal für Gras, Unkraut und leichtes Gestrüpp
102032;Stihl Motorsäge MS 881, neu;Stück;5;Ja;19;;1100,00;Motorsäge;Gartengeräte & Forsttechnik;2-Takt-Motor 121,6 ccm, 6,4 kW, Schienenlänge bis 75 cm, für Fällungen bis 100 cm Stammdurchmesser, M-Tronic Motorsteuerung
102035;Lumag Sägespaltautomat SSA500EH-PRO/SZ, neu;Stück;1;Ja;19;;8070,00;Sägespaltautomat;Gartengeräte & Forsttechnik;Elektromotor 5,5 kW / 400 V, Spaltdruck 50 t, Spaltlänge 500 mm, Automatischer Zyklus für schnelles Arbeiten
102036;Binderberger Holzspalter SP8 E, neu;Stück;2;Ja;19;;2260,00;Holzspalter;Gartengeräte & Forsttechnik;Elektromotor 230 V / 1,5 kW, Spaltdruck 8 t, Stammhöhe bis 520 mm, Kompakt und platzsparend für Haushalte
102037;HMG Hydraulik Holzspalter HSP 11K-D, neu;Stück;2;Ja;19;;2190,00;Holzspalter;Gartengeräte & Forsttechnik;Dieselmotor 10 PS / Elektromotor möglich, Spaltdruck 11 t, Rundholz bis 52 cm, Fahrgestell mit Kugelkupplung
102038;Lumag Benzin-Kombihäcksler RAMBO V2, neu;Stück;2;Ja;19;;2550,00;Häcksler;Gartengeräte & Forsttechnik;Honda GX390 13 PS Benzinmotor, Shredder-Funktion für Äste bis 100 mm Ø, Fangkorb 100 L Fassungsvermögen
102039;Weima Holzhacker WMS306, neu;Stück;3;Ja;19;;1000,00;Holzhacker;Gartengeräte & Forsttechnik;Benzinmotor 13 PS, Trichterbreite 400 mm, Durchsatz bis 15 m³/h, Robuste Schlaghammer-Technik
102040;Brugger HX16 Pro Holzhäcksler, neu;Stück;2;Ja;19;;10600,00;Holzhäcksler;Gartengeräte & Forsttechnik;Benzinmotor 16 PS, Trichterbreite 480 mm, Durchsatz bis 25 m³/h, Einzugswalzen, Professioneller Forstbetrieb
102041;Lumag Graben-/Kabelfräse GF 450, neu;Stück;6;Ja;19;;1300,00;Grabenfräse;Gartengeräte & Forsttechnik;Benzinmotor 8,5 PS, Frästiefe 20 cm, Fräsbreite 45 cm, Transporträder klappbar, Für Gräben und Kabelleitungen
102042;PowerPac Multi-Lader ML300 SCHMAL, neu;Stück;2;Ja;19;;13400,00;Multi-Lader;Gartengeräte & Forsttechnik;Dieselmotor 24,4 PS, Eigengewicht 1.200 kg, Muldenvolumen 300 L, Zuladung 1.000 kg, Raupenantrieb für engstes Gelände
102043;PowerPac Raupen-Dumper RD620, neu;Stück;3;Ja;19;;4100,00;Raupen-Dumper;Gartengeräte & Forsttechnik;Dieselmotor 13,5 PS, Nutzlast 620 kg, Kipper-Funktion hydraulisch, 360° drehbar, Kompaktmaße für beengte Verhältnisse
102045;Brugger Kettenförderer SA48 Pro / SA38, neu;Stück;3;Ja;19;;1380,00;Kettenförderer;Gartengeräte & Forsttechnik;Durchsatzleistung bis 50 m³/h, Förderband 480 mm Breite, Neigung einstellbar, Für Hackschnitzel und Holzspalter
102046;Brugger Zapfwellenantrieb SA48 Pro, neu;Stück;4;Ja;19;;850,00;Zapfwellenantrieb;Gartengeräte & Forsttechnik;Zapfwellenantrieb 540/1.000 U/min, Keilriemenantrieb für sanften Betrieb, Passend für SA48 Pro Kettenförderer
102047;STOLL Laub- und Abfallsauger AS 10 B2, neu;Stück;4;Ja;19;;1920,00;Laubsauger;Gartengeräte & Forsttechnik;Benzinmotor 10 PS, Absaugleistung 900 m³/h, Fangsack 200 L, Schlauch 10 m Länge, Mulch- und Sammelaufsatz inklusive
102048;Stihl Blasgerät BR 350, neu;Stück;7;Ja;19;;360,00;Blasgerät;Gartengeräte & Forsttechnik;Rucksack-Blasgerät, 2-Takt 35,8 ccm, Luftdurchsatz 800 m³/h, Luftgeschw. 67 m/s, Ergonomisches Rückentragesystem
102049;Stihl Blasgerät BR 800 C-E, neu;Stück;6;Ja;19;;490,00;Blasgerät;Gartengeräte & Forsttechnik;Rucksack-Blasgerät 4-MIX Motor 64,8 ccm, Luftdurchsatz 1.270 m³/h, Blasrohr inklusive, Elektronische Motorsteuerung E-Start
102231;Continental Conti Hybrid HS3 385/65 R22.5 160K;Stück;30;Ja;19;;390,00;Nutzfahrzeugreifen;Fahrzeuge & Kraftfahrzeuge;385/65 R22.5, Nutzfahrzeugreifen, 10-fach Tiefbett-Felge geeignet, M+S Kennzeichnung
102232;Dunlop SP 446 315/70 R22.5 154L Winterreifen;Stück;42;Ja;19;;199,00;Nutzfahrzeugreifen;Fahrzeuge & Kraftfahrzeuge;315/70 R22.5 Winterreifen, 3PMSF, Für LKW-Antriebsachse geeignet, Auflagengerecht für alpine Bedingungen
102233;MICHELIN X MULTI D 315/70 R22.5 154/150L TL M+S 3PMSF;Stück;38;Ja;19;;379,00;Nutzfahrzeugreifen;Fahrzeuge & Kraftfahrzeuge;315/70 R22.5, M+S 3PMSF Alpine-Symbol, Premium-Antriebsreifen für alle Achsen, Niedrige Rollwiderstand-Klasse B
102234;Continental HDR 2+ 315/80 R22.5 156/150L;Stück;16;Ja;19;;379,00;Nutzfahrzeugreifen;Fahrzeuge & Kraftfahrzeuge;315/80 R22.5, Lenkachse-Ausführung, Wet-Grip Klasse B, EU-Reifenlabel A, Für Fernverkehr und Verteiler
102265;Audi A3 Sportback;Stück;1;Ja;19;;15036,00;PKW;Fahrzeuge & Kraftfahrzeuge;2,0 TDI 116 PS, Automatikgetriebe, Klimaanlage, Sitzheizung, Rückfahrkamera, Alle Räder: 17" Leichtmetall
102266;Citroën C3;Stück;1;Ja;19;;9156,00;PKW;Fahrzeuge & Kraftfahrzeuge;1,2 PureTech 83 PS, Schaltgetriebe, Kompaktklasse, EcoBoost-Technologie, Infotainment 10 Zoll Touchscreen
102267;Dacia Jogger;Stück;1;Ja;19;;14196,00;PKW;Fahrzeuge & Kraftfahrzeuge;1,0 ECO-G 100 PS, Flex-Fuel Benzin/LPG, 7-Sitzer optional, Dachreling, Kofferraum 701 L (5-Sitzer)
102268;Ford Tourneo;Stück;1;Ja;19;;28476,00;Nutzfahrzeug;Fahrzeuge & Kraftfahrzeuge;2,0 EcoBlue 170 PS Automatik, Klapp-Schiebetür, Trennwand optional, Nutzlast 1.470 kg, 6,0 m³
102270;Ford Fiesta;Stück;1;Ja;19;;8736,00;PKW;Fahrzeuge & Kraftfahrzeuge;1,0 EcoBoost 95 PS, 6-Gang manuell, LED-Scheinwerfer, FordPass Connect, Kraftstoffverbrauch 5,1 L/100 km
102271;Ford Focus;Stück;1;Ja;19;;14616,00;PKW;Fahrzeuge & Kraftfahrzeuge;1,5 EcoBoost 182 PS, Automatik, Adaptive Geschwindigkeitsregelung, Kofferraum 375 L
102272;Hyundai Santa Fe;Stück;1;Ja;19;;19236,00;SUV;Fahrzeuge & Kraftfahrzeuge;1,6 T-GDI 230 PS, 8-Gang Automatik, HTRAC Allradantrieb, 7-Sitzer, Panoramadach, elektrische Heckklappe
102273;Kia Rio;Stück;1;Ja;19;;10416,00;PKW;Fahrzeuge & Kraftfahrzeuge;1,4 MPI 84 PS, Klimaanlage, Spurhalteassistent, Notbremsassistent, Kraftstoffverbrauch 5,7 L/100 km
102274;Mazda MX-30;Stück;1;Ja;19;;12096,00;Elektrofahrzeug;Fahrzeuge & Kraftfahrzeuge;E-Motor 145 PS, Reichweite 200 km, Schnellladung 50 kW DC, Rekuperation, One-Pedal-Driving
102275;Opel Grandland;Stück;1;Ja;19;;24276,00;SUV;Fahrzeuge & Kraftfahrzeuge;1,2 Turbo 130 PS Automatik, Allradantrieb AGR optional, ADAS-Paket: Lane Keep, AEB, ACC
102276;Opel Mokka;Stück;1;Ja;19;;24276,00;SUV;Fahrzeuge & Kraftfahrzeuge;1,2 Turbo 130 PS, AGR Allrad optional, Matrix-LED-Scheinwerfer, Kofferraum 422 L
102277;Renault Clio;Stück;1;Ja;19;;9996,00;PKW;Fahrzeuge & Kraftfahrzeuge;1,0 TCe 90 PS, Klima, Navi, Eco-Modus für Effizienz, Kofferraum 391 L, Hakenöse
102278;Renault Trafic;Stück;1;Ja;19;;12096,00;Nutzfahrzeug;Fahrzeuge & Kraftfahrzeuge;2,0 dCi 145 PS, 6-Gang Schaltg., Kastenwagen L1H1, Nutzlast 1.100 kg, Zulässig als LNF bis 3,5 t
102282;Smart ForTwo;Stück;1;Ja;19;;7056,00;PKW;Fahrzeuge & Kraftfahrzeuge;0,9 Benzin 71 PS, 2-Sitzer, Wendekreis nur 8,95 m, Parkassistent, Ideal für Stadtverkehr
102285;Volkswagen Tayron;Stück;1;Ja;19;;37716,00;SUV;Fahrzeuge & Kraftfahrzeuge;2,0 TDI 150 PS DSG, 7-Sitzer, adaptive Fahrwerkregelung, Kofferraum 885–2.065 L
102286;Volkswagen T6;Stück;1;Ja;19;;36876,00;Nutzfahrzeug;Fahrzeuge & Kraftfahrzeuge;2,0 TDI 150 PS, 7-Gang DSG, Kastenwagen 5,3 m², Nutzlast 1.100 kg, Standheizung optional
102055;Takeuchi TB250-2;Stück;1;Ja;19;;34900,00;Minibagger;Baumaschinen & Schwertechnik;Betriebsgewicht 5.500 kg, Motorleistung 40,8 kW, Grabtiefe 4.100 mm, Reichweite 6.960 mm, CAN-Bus-Steuerung und Vollelektrik
102221;Takeuchi TB225 / V4Minibagger / Powertilt / Taklock;Stück;1;Ja;19;;23990,00;Minibagger;Baumaschinen & Schwertechnik;Betriebsgewicht 2.500 kg, 15,1 kW Motor, Grabtiefe 2.900 mm, Powertilt-Schnellwechsler, Ferndiagnose via Telematik
102290;JCB 16C-1 Minibagger, BJ 2019, 1.054 Bh;Stück;1;Ja;19;;11900,00;Minibagger;Baumaschinen & Schwertechnik;Perkins Diesel, 12,2 kW Leistung, Betriebsgewicht 1.639 kg, Baujahr 2019, 1.054 Betriebsstunden, inkl. 3 Löffel
102131;Elektro-Hochhubwagen, 2 m Hub, 1200 kg, neu;Stück;9;Ja;19;;2130,00;Hubwagen;Stapler & Flurförderfahrzeuge;Tragkraft 1.200 kg, Hubhöhe 2.000 mm, Elektroantrieb 24 V / 50 Ah Akku, Gabelbreite 540 mm
102132;EP WPL202 Elektro-Hubwagen, 2000 kg, neu;Stück;7;Ja;19;;1970,00;Hubwagen;Stapler & Flurförderfahrzeuge;Tragkraft 2.000 kg, Elektro-Hubantrieb, 24 V Bleiakku, Ladegerät inklusive, Deichselsteuerung mit Sicherheitssensor
102146;Jungheinrich Elektro-Hubwagen AME 15 Lithium Ionen;Stück;6;Ja;19;;1100,00;Hubwagen;Stapler & Flurförderfahrzeuge;Li-Ion 24 V / 100 Ah, Laufzeit 6 Std., Tragkraft 1.500 kg, Hubhöhe 3.300 mm, CAN-Bus-Steuerung
102151;Arbeitsbühne Typ MB-F gemäß UVV, TÜV geprüft;Stück;6;Ja;19;;580,00;Arbeitsbühne;Stapler & Flurförderfahrzeuge;Plattformgröße 140×60 cm, Höhenbereich 1,5–5 m, TÜV-geprüft, Für Stapler mit Gabelaufnahme
102152;Elektro-Scherenarbeitsbühne Compartec;Stück;3;Ja;19;;5470,00;Arbeitsbühne;Stapler & Flurförderfahrzeuge;Elektrische Scheren-Arbeitsbühne, Arbeitshöhe bis 8 m, Tragkraft 250 kg, Innenbereich, 220 V Anschluss
102222;HYSTER H4 6650Kg (Diesel);Stück;2;Ja;19;;8350,00;Gabelstapler;Stapler & Flurförderfahrzeuge;Dieselstapler 6.650 kg Tragkraft, Mast 3-fach, Hubhöhe 5.500 mm, Für Schwerlast-Logistik
102223;LI-ION Elektro-Gabelstapler GSE 15/5, (Neuware);Stück;1;Ja;19;;6170,00;Gabelstapler;Stapler & Flurförderfahrzeuge;Li-Ion 80 V, Tragkraft 1.500 kg, Hubhöhe 5.000 mm, Ladung in 1,5 Std. vollgeladen, Wartungsarm, kein Säurewechsel
102237;Hochfrequenz-Ladegerät Jungheinrich Li-Ion-Ladegerät;Stück;5;Ja;19;;499,00;Ladegerät;Stapler & Flurförderfahrzeuge;Lithium-Ionen-Ladegerät 24/48 V, Kommunikation mit BMS des Staplers, IP54, Wandmontage
102238;Batterieladegerät Fronius Selectiva Plus 80/140 D;Stück;6;Ja;19;;970,00;Ladegerät;Stapler & Flurförderfahrzeuge;Frequenzladegerät 80 V / 140 A, Für Blei-Traktionsbatterien, Netzfrequenzunabhängig
102241;Linde E20 Elektrostapler;Stück;1;Ja;19;;12500,00;Gabelstapler;Stapler & Flurförderfahrzeuge;Elektrostapler 2.000 kg, Hubhöhe 4.700 mm, 48 V Lithium-Ionen-Akku, Integriertes Ladegerät
102243;SSI Schäfer Palettenregal-System, 10 Felder;Stück;3;Ja;19;;8000,00;Regalsystem;Stapler & Flurförderfahrzeuge;Feldweite 2.700 mm, Fachhöhe bis 7.000 mm, Traglast 1.500 kg/Fach, Verzinkter Stahl, Zubehör inklusive
102062;HP LaserJet M880z, A3 Farb-MFP, neu;Stück;2;Ja;19;;3500,00;Drucker;IT, AV & Kommunikationstechnik;A3/A4 Farb-Multifunktionsgerät
102063;Epson SureColor SC-T7700D, 44″ Großformatdrucker, neu;Stück;1;Ja;19;;1600,00;Drucker;IT, AV & Kommunikationstechnik;Druckbreite 111 cm (44 Zoll)
102064;Datacard CE840, Desktop-Prägemaschine, neu;Stück;2;Ja;19;;3250,00;Prägemaschine;IT, AV & Kommunikationstechnik;Präge- und Druckgeschwindigkeit 225 Karten/Std.
102065;Epson H6000VI-116B1 Belegdrucker, MICR, USB, neu;Stück;11;Ja;19;;300,00;Drucker;IT, AV & Kommunikationstechnik;MICR-Druck für Bankschecks und Belege
102066;Zebra ZT610 – 300 dpi, Spender, neu;Stück;6;Ja;19;;1000,00;Etikettendrucker;IT, AV & Kommunikationstechnik;Druckbreite 168 mm, 300 dpi Auflösung, Spender- und Aufwickler-Option, ZPL/EPL kompatibel, Ethernet-Anschluss
102067;Zebra ZT620 – 203 dpi, 168 mm Breite, neu;Stück;4;Ja;19;;1520,00;Etikettendrucker;IT, AV & Kommunikationstechnik;Druckbreite 168 mm, 203 dpi Auflösung, Druckgeschwindigkeit bis 356 mm/Sek., Thermotransfer und Thermodirektdruck
102068;Francotyp FPi 700, Kuvertiermaschine, A4, neu;Stück;4;Ja;19;;1020,00;Kuvertiermaschine;IT, AV & Kommunikationstechnik;Kuvertierleistung 2.200 Umschläge/Std., Format C5, C6, DL, automatischer Verschluss, Integrierter Frankiermodul-Anschluss
102069;Falzmaschine IDEAL 8345, DIN B6–A3, neu;Stück;2;Ja;19;;1200,00;Falzmaschine;IT, AV & Kommunikationstechnik;Falzleistung 3.500 Blatt/Std., Formate B6 bis A3, 6 Falzprogramme, Stapeleinzug 500 Blatt
102070;FPi 2725 Kuvertiermaschine, bis 2.000 Briefe/h, neu;Stück;2;Ja;19;;2790,00;Kuvertiermaschine;IT, AV & Kommunikationstechnik;Kuvertierleistung 2.000 Briefe/Std., Automatisches Befüllen und Versiegeln, Für Umschläge C4 bis C6/5
102071;Raise3D Pro3 Plus HS – 3D-Drucker, neu;Stück;3;Ja;19;;2840,00;3D-Drucker;IT, AV & Kommunikationstechnik;Druckraum 300×300×300 mm, Dual-Extruder für 2-Farb-Druck und Stützmaterial, HEPA-Filter integriert
102072;Modix BIG-60 V4 – 3D-Drucker, neu;Stück;2;Ja;19;;2650,00;3D-Drucker;IT, AV & Kommunikationstechnik;Druckraum 600×600×660 mm, FFF-Druckverfahren, 0,05 mm Auflösung, Für Großformat-Prototypen geeignet
102073;Bambu Lab X1E Combo – 3D-Drucker, neu;Stück;3;Ja;19;;1040,00;3D-Drucker;IT, AV & Kommunikationstechnik;Druckraum 256×256×256 mm, Multi-Material mit 4 Farben gleichzeitig, AMS-System für automatischen Materialwechsel
102083;ESPERT 5040 EV PN, Winkelschweißmaschine, neu;Stück;1;Ja;19;;3880,00;Schweißmaschine;IT, AV & Kommunikationstechnik;Schweißgeschwindigkeit 10 m/min, Folienstärke 100–400 my, Für PE und PP-Folien geeignet
102085;YAESU YCUT500 Folienabroller, automatisch, neu;Stück;3;Ja;19;;2400,00;Folienabroller;IT, AV & Kommunikationstechnik;Automatischer Folienabroller für 500 mm Maschinenfolie, Einstellbare Bremskraft, 300 m/min Abrollgeschwindigkeit, Für Palettenwickler geeignet
102101;Epson EB-PU1008W, 3LCD Projektor, 8.500 Lumen, neu;Stück;5;Ja;19;;2870,00;Projektor;IT, AV & Kommunikationstechnik;8.500 ANSI Lumen, 3-LCD-Technologie, Auflösung WUXGA (1.920×1.200), 4K-Enhancement, Laser-Lichtquelle, 20.000 Std.
102102;Samsung GQ85Q70C, 85″ 4K Smart TV, 120 Hz, neu;Stück;6;Ja;19;;1110,00;TV/Display;IT, AV & Kommunikationstechnik;QLED-Panel, 4K UHD, 120 Hz, HDR10+ und HLG, 3 HDMI, AirPlay 2 und Bixby Sprachsteuerung
102103;Samsung Flip Pro WM85B, 85″ 4K UHD, neu;Stück;5;Ja;19;;600,00;TV/Display;IT, AV & Kommunikationstechnik;4K UHD Touch-Display, 4096×2160 px, Flip-Schreibfunktion mit Stift, Windows Collaboration-Lösung
102106;Meeting Owl 3 – 360° Konferenzkamera, neu;Stück;6;Ja;19;;37000,00;Konferenztechnik;IT, AV & Kommunikationstechnik;360° HD-Kamera, Weitwinkel 1080p, 8 Mikrofone, USB-A/C Anschluss, Automatisches Lautsprecher-Tracking
102107;Samsung Galaxy S24+ (256GB), neu;Stück;1;Ja;19;;372,00;Smartphone;IT, AV & Kommunikationstechnik;6,7 Zoll großes AMOLED-Display, 50 MP Hauptkamera, Modernes Design, IP68 Wasser- und Staubschutz
102108;Microsoft Surface Hub 2S 50", neu;Stück;12;Ja;19;;2700,00;TV/Display;IT, AV & Kommunikationstechnik;50 Zoll 4K Touch-Display, 3.840×2.160, Windows 10 Team OS integriert, Microsoft Teams und Whiteboard-Funktion
102113;Lenovo ThinkPad X13 Gen 5, 13,3″, neu;Stück;11;Ja;19;;670,00;Laptop;IT, AV & Kommunikationstechnik;AMD Ryzen 7 Pro, 16 GB RAM, 512 GB NVMe SSD, 13,3 Zoll IPS, 4G LTE optional, Fingerabdrucksensor
102114;HP 22 Tower G9, i7-14700K, RTX A4000, neu;Stück;9;Ja;19;;1000,00;Desktop-PC;IT, AV & Kommunikationstechnik;Intel i7-14700K, 32 GB DDR5 RAM, RTX A4000 16 GB Profi-Grafik, 1 TB NVMe SSD, Tower-Format
102115;Dell UltraSharp U2724D, 27″ QHD Monitor, neu;Stück;10;Ja;19;;125,00;Monitor;IT, AV & Kommunikationstechnik;27 Zoll QHD 2.560×1.440, IPS, USB-C Power Delivery 90 W, Höhen- und Schwenkbar, BlueLight Shield
102116;HP EliteBook Ultra G1i 14" Wolf Pro Security Edition, neu;Stück;11;Ja;19;;1480,00;Laptop;IT, AV & Kommunikationstechnik;Intel Core Ultra 7, 16 GB LPDDR5, 512 GB SSD, 14 Zoll Sure View Reflect, HP Wolf Security Chip integriert
102117;HP Pavilion Laptop 16", neu;Stück;8;Ja;19;;330,00;Laptop;IT, AV & Kommunikationstechnik;AMD Ryzen 5, 8 GB RAM, 512 GB SSD, 16 Zoll Full-HD, Akkulaufzeit bis 9 Stunden
102118;Dell Pro 14 Premium-Laptop, neu;Stück;4;Ja;19;;780,00;Laptop;IT, AV & Kommunikationstechnik;Intel Core 5, 16 GB RAM, 512 GB SSD, 14 Zoll OLED-Display, Gewicht 1,4 kg, Fingerabdruckleser
102119;HP OmniDesk M02-0775ng, neu;Stück;10;Ja;19;;340,00;Desktop-PC;IT, AV & Kommunikationstechnik;Intel Core i5, 8 GB RAM, 512 GB SSD, WLAN Wi-Fi 6, Kompakter Desktop-PC
102120;Dell Vostro 3020 SFF, neu;Stück;9;Ja;19;;360,00;Desktop-PC;IT, AV & Kommunikationstechnik;Intel Core i3, 8 GB RAM, 256 GB SSD, Windows 11 Pro, Small Form Factor, VESA-kompatibel
102121;Dell Precision 3680 Tower, neu;Stück;11;Ja;19;;430,00;Workstation;IT, AV & Kommunikationstechnik;Intel Xeon oder Core i9, bis 128 GB RAM, NVIDIA RTX A-Serie, 4 TB NVMe, Workstation für CAD und Simulation
102122;Dell UltraSharp U2723QE 27" 4K Monitor, neu;Stück;14;Ja;19;;140,00;Monitor;IT, AV & Kommunikationstechnik;4K UHD IPS, 3.840×2.160, USB-C 90 W, DisplayPort und HDMI, Höhenverstellbar, TÜV-zertifiziert Augenschutz
102123;Dell UltraSharp U4924DW 49" 5K Curved Monitor, neu;Stück;7;Ja;19;;448,00;Monitor;IT, AV & Kommunikationstechnik;49 Zoll Curved DQHD, 5.120×1.440, KVM-Switch für 2 Computer, Thunderbolt 4 und USB-Hub integriert
102124;Samsung LS27C902PAUXEN 27" 5K Monitor, neu;Stück;16;Ja;19;;380,00;Monitor;IT, AV & Kommunikationstechnik;27 Zoll 5K2K, 5.120×2.160 IPS, USB-C 90 W Power Delivery, Thunderbolt 4 und ergonomischer Standfuß
102126;HPE Aruba 6100 48G PoE+ Switch (JL675A#ABB), neu;Stück;12;Ja;19;;510,00;Netzwerk;IT, AV & Kommunikationstechnik;48-Port PoE+ (30 W/Port), 740 W Budget, Layer 3, 10G Uplinks, Smart-Managed via Aruba Central
102127;HP ProLiant DL380 Gen11 Server (P52564-421), neu;Stück;3;Ja;19;;1370,00;Server;IT, AV & Kommunikationstechnik;Intel Xeon Scalable, bis 8 TB RAM, 12 NVMe-Schächte, HPE iLO 6, Redundante Netzteile 800 W
102128;Fellowes Fortishred 3250SMC, P-6, 100 L, neu;Stück;7;Ja;19;;790,00;Aktenvernichter;IT, AV & Kommunikationstechnik;P-6 Sicherheitsstufe (Datenschutz), 100 L Papierkorb, CD/DVD-Vernichtung, Automatischer Reversiermodus
102129;HSM V-Press 504, Ballenpresse, 40 kN, neu;Stück;2;Ja;19;;1500,00;Ballenpresse;IT, AV & Kommunikationstechnik;Presskraft 40 kN, Ballengröße 40×50 cm, Für Karton, Folie und PET, 400 V Drehstrom, 3 kW
102130;Terra 145 Datentresor, 120 Min. Feuerschutz, neu;Stück;4;Ja;19;;1900,00;Datentresor;IT, AV & Kommunikationstechnik;Feuerwiderstand 120 Min. nach EN 1047-1, Digitales Zahlencode-Schloss, Außenmaß 475×395×355 mm
102244;Förderband-System, 20m;Stück;3;Ja;19;;3200,00;Förderband;IT, AV & Kommunikationstechnik;Modulares System, Bandbreite 800 mm, Geschwindigkeit 0,1–1,0 m/s regulierbar, 400 V, Anschlussfertig
102245;HPE ProLiant DL380 Gen10 Server;Stück;15;Ja;19;;3200,00;Server;IT, AV & Kommunikationstechnik;HPE ProLiant Gen10, Intel Xeon Silver, 16 GB DDR4 RAM, 2 x 480 GB SSD, iLO 5 Remote-Management
102246;Dell PowerEdge R750 Server;Stück;10;Ja;19;;4000,00;Server;IT, AV & Kommunikationstechnik;Intel Xeon Gold, bis 3 TB RAM, 12 NVMe-Schächte, 25 GbE Netzwerk, Redundante Netzteile 800 W
102248;Lenovo ThinkSystem SR650 Server;Stück;12;Ja;19;;3500,00;Server;IT, AV & Kommunikationstechnik;Intel Xeon Silver 4316, 32 GB DDR4, 2 x 480 GB SSD RAID 1, XClarity Controller integriert
102249;Supermicro SYS-6019 Serie Server;Stück;20;Ja;19;;2500,00;Server;IT, AV & Kommunikationstechnik;Intel Xeon E-2288G, 64 GB ECC RAM, 4 x 3,5 Zoll HDD-Schächte, IPMI 2.0 Remote-Management
102250;Trina Solarpaneele-Set, 500 W pro Panel;Stück;15;Ja;19;;9000,00;Solartechnik;IT, AV & Kommunikationstechnik;500 W monokristallin, Effizienz 21 %, IP68 wasserdicht, 30 Jahre Garantie, Inklusive Montagerahmen und Kabel
102251;Enercon Kleinwindturbine, 10 kW;Stück;3;Ja;19;;35000,00;Windenergie;IT, AV & Kommunikationstechnik;10 kW Vertikalachs-Windturbine, Geräuscharm < 40 dB, Rotordurchmesser 7 m, Geeignet für Windklasse III
102252;Sonnen Batteriespeicher-System, 50 kWh;Stück;4;Ja;19;;22000,00;Energiespeicher;IT, AV & Kommunikationstechnik;50 kWh nutzbare Kapazität, 10 kW Peak, AI-gesteuertes Energiemanagement, Skalierbar bis 300 kWh
102253;SMA Hybrid-Wechselrichter, 20 kW;Stück;7;Ja;19;;2500,00;Wechselrichter;IT, AV & Kommunikationstechnik;Hybrid-Wechselrichter 20 kW, 3-phasig, AC- und DC-Kopplung, Backup-Funktion, Wirkungsgrad 98 %
102254;Fronius Symo Gen24 Plus Wechselrichter, 10-12 kW;Stück;4;Ja;19;;2000,00;Wechselrichter;IT, AV & Kommunikationstechnik;10–12 kW, bidirektionaler Wechselrichter, GEN24 Backup Power ≥ 3 kW, Wirkungsgrad 98,3 %
102255;Tesla Powerwall, 13.5 kWh pro Unit;Stück;5;Ja;19;;10000,00;Energiespeicher;IT, AV & Kommunikationstechnik;13,5 kWh nutzbare Kapazität, Lithium-Eisenphosphat-Zellen, 10 Jahres-Garantie, IP67
102256;Kleinwindturbine, 5 kW;Stück;5;Ja;19;;20000,00;Windenergie;IT, AV & Kommunikationstechnik;5 kW Kleinwindturbine, 3-Blatt-Rotor, Anlaufgeschwindigkeit 2,5 m/s, Für Eigenheime und Gewerbebetriebe
102257;Solar Inverter, 10 kW;Stück;7;Ja;19;;1500,00;Wechselrichter;IT, AV & Kommunikationstechnik;10 kW Solar-Wechselrichter, 3-phasig, MPP-Tracker, Netzeinspeisung, Wirkungsgrad 98,4 %
102258;Wärmepumpe-System, 10-15 kW;Stück;6;Ja;19;;25000,00;Wärmepumpe;IT, AV & Kommunikationstechnik;Luft-Wasser-Wärmepumpe 10–15 kW, COP bis 5,0, A+++ Effizienzklasse, R32 Kältemittel, Außenaufstellung
102259;Klein-Biogas-Anlage, 5-10 kW;Stück;1;Ja;19;;39000,00;Biogasanlage;IT, AV & Kommunikationstechnik;5–10 kW Biogasanlage, Substrate: Mais, Gülle, Bioabfall, Inkl. Gasbehälter und BHKW
102074;HP Premium Papier A4, 100 g/m², 1 Palette (120.000 Blatt);Stück;7;Ja;19;;460,00;Papier;Büro & Arbeitsplatz;100 g/m², Karton mit 500 Blatt/Packung, Optimiert für Laser- und Tintenstrahldrucker, 120.000 Blatt pro Palette
102075;TECNO Premium Papier A4, 80 g/m², 1 Palette (100.000 Blatt);Stück;5;Ja;19;;300,00;Papier;Büro & Arbeitsplatz;80 g/m², Standardformat 210×297 mm, Chlorfrei gebleicht, FSC-zertifiziert, 100.000 Blatt pro Palette
102076;DATA COPY Papier A4, 80 g/m², 1 Palette (100.000 Blatt);Stück;11;Ja;19;;310,00;Papier;Büro & Arbeitsplatz;80 g/m², hohe Opazität 92 %, Für alle Bürodrucker geeignet, 100.000 Blatt pro Palette
102089;SOUNDBOX VR-L Meetingbox – 4 Personen, neu;Stück;2;Ja;19;;3000,00;Meetingbox;Büro & Arbeitsplatz;Akustik-Dämmwert 35 dB, 4 Personen, Belüftung mit HEPA-Filter, Stromanschluss, Lieferzeit ca. 6–8 Wochen
102090;SOUNDBOX VR-S Telefonbox – 1 Person, neu;Stück;1;Ja;19;;1400,00;Telefonbox;Büro & Arbeitsplatz;Akustik-Dämmwert 30 dB, 1 Person, Stehplatz-Box, kompakt 110×110 cm, Plug-and-Play, keine Montage nötig
102091;SOUNDBOX QUIET HOUSE – Telefonbox 1 Person, neu;Stück;4;Ja;19;;1100,00;Telefonbox;Büro & Arbeitsplatz;Tischhöhe 74 cm, Sitzmöbel inklusive, Dämmwert 28 dB, Lüftung mit Ventilator, Für Großraumbüros geeignet
102092;Ergonomischer Chefsessel, bis 155 kg, neu;Stück;18;Ja;19;;300,00;Bürostuhl;Büro & Arbeitsplatz;Netzrücken, verstellbare Lordosenstütze, Sitztiefe und Armlehnen höhenverstellbar, Belastbar bis 155 kg
102093;Stressless London High Back, Bürosessel, neu;Stück;8;Ja;19;;749,00;Bürostuhl;Büro & Arbeitsplatz;Italienisches Premium-Leder, Holzgestell, Dreh- und Wippmechanik stufenlos, Für intensive Büronutzung geeignet
102094;Mateo Konferenzstuhl, Leder, schwarz, neu;Stück;35;Ja;19;;129,00;Konferenzstuhl;Büro & Arbeitsplatz;Echtleder Sitz, Chromgestell, Stapelbar bis 4 Stück, Rollen optional, Geeignet für Besprechungsräume
102095;MOTION Schreibtisch, elektrisch höhenverstellbar, 200x180 cm, neu;Stück;21;Ja;19;;780,00;Schreibtisch;Büro & Arbeitsplatz;Höhenverstellung 68–120 cm elektrisch, Tischplatte 200×180 cm, Spanplatte, Memoryfunktion 4 Positionen
102096;Adesso Konferenztisch, Tonnenform, 8–10 Pers., neu;Stück;6;Ja;19;;1250,00;Konferenztisch;Büro & Arbeitsplatz;Tonnen-Konferenztisch 240×120 cm, Holzgestell in Nussbaum oder Weiß, Für 8–10 Personen geeignet
102097;Konferenztisch LOOPY, neu;Stück;9;Ja;19;;800,00;Konferenztisch;Büro & Arbeitsplatz;Ovale Tischplatte 200×100 cm, Metallgestell pulverbeschichtet, Schnelle Selbstmontage
102098;Roborock Qrevo Slim, Saug-/Wischroboter mit Station, neu;Stück;3;Ja;19;;449,00;Saugroboter;Büro & Arbeitsplatz;Saugroboter + Wischroboter kombiniert, Lasernavigation, App-Steuerung, Absaugstation für automatische Entleerung
102099;PLR-Silent+ Luftreiniger, HEPA H14, neu;Stück;12;Ja;19;;640,00;Luftreiniger;Büro & Arbeitsplatz;HEPA H14 Filter, 99,995 % Abscheidegrad, Luftleistung 600 m³/h, für Räume bis 80 m², Geräuschpegel < 28 dB
102056;Siemens EQ900 TQ907D03, Kaffeevollautomat, neu;Stück;3;Ja;19;;900,00;Kaffeevollautomat;Küchengeräte & Catering;19 bar Pumpdruck, 1.500 W Heizleistung, TFT-Display mit Barista-Modus, App-Steuerung, Automatische Mahlgradanpassung
102057;OptiMe X 12, Kaffeevollautomat, 230 2,2 kW, neu;Stück;7;Ja;19;;1800,00;Kaffeevollautomat;Küchengeräte & Catering;Kapazität 12 Tassen/Std., 2,2 kW, Selbstreinigungsprogramm, HACCP-konform, Bohnen- und Pulverfach
102058;Blupura BLU2GO, Wasserautomat, neu;Stück;6;Ja;19;;4700,00;Wasserautomat;Küchengeräte & Catering;Ausgabe still, medium und sprudelnd, Kühlung auf 7 °C, Durchflusssystem, CO₂-Zylinder für bis zu 60 L Wasser
102059;SAMSUNG Mikrowelle digital – 1850 W, neu;Stück;5;Ja;19;;329,00;Mikrowelle;Küchengeräte & Catering;1.850 W, 23 L Garraum, Inverter-Technologie für gleichmäßige Erwärmung, Quarz-Grillheizung und Grilleinsatz
102060;BOSCH Side-by-Side KAG93AIEP, neu;Stück;2;Ja;19;;1400,00;Kühlschrank;Küchengeräte & Catering;Total No Frost, 563 L Gesamtvolumen, Side-by-Side, Eiswürfelbereiter eingebaut, Energieeffizienzklasse A++
102061;Liebherr Getränkekühlschrank 347L, neu;Stück;7;Ja;19;;410,00;Kühlschrank;Küchengeräte & Catering;Nutzinhalt 347 L, Temperatur 0–16 °C, Glasregal und Flaschenhalter für 0,75 L, LED-Innenbeleuchtung, CFC-frei
102142;CUMMINS DC200R, 199 kVA-Diesel, neu;Stück;1;Ja;19;;13670,00;Dieselaggregat;Energie & Aggregate;Diesel-Aggregat 199 kVA / 159 kW, Cummins-Motor, 4 Zylinder Turbodiesel, Schallgedämmtes Gehäuse, 85 dB(A)
102143;ITC Power DG17KSE, 17,6 kVA Diesel, neu;Stück;3;Ja;19;;2999,00;Dieselaggregat;Energie & Aggregate;Diesel-Aggregat 17,6 kVA / 14,1 kW, Elektrischer Start, 15 L Tank, Automatischer Spannungsregler AVR
102144;ITC Power GG20000LEK-T, 20 kVA Benzin, neu;Stück;5;Ja;19;;1100,00;Benzinaggregat;Energie & Aggregate;Benzin-Aggregat 20 kVA / 16 kW, E-Start, 25 L Tank, ca. 8 Std. Laufzeit, 230 V / 400 V Anschlüsse
102147;Container Materialcontainer 6 Fuß, (Neuware);Stück;6;Ja;19;;1170,00;Materialcontainer;Container & Lagerung;6 Fuß (1.829 mm) Stahl-Container, Fenster und Metalltür inklusive, Für Lager und Unterbringung
102155;GASSMANN Abrollcontainer mit Flügeltür ca. 37m³, (Neuware);Stück;1;Ja;19;;5320,00;Abrollcontainer;Container & Lagerung;
102156;GASSMANN Abrollcontainer mit Klappe ca. 9 m³, (Neuware);Stück;2;Ja;19;;4200,00;Abrollcontainer;Container & Lagerung;
102157;Allpress Presscontainer SP 60 - 10 cbm, (Neuware);Stück;4;Ja;19;;3600,00;Presscontainer;Container & Lagerung;Presscontainer 10 m³, Presskraft 20 t, Für Karton, Folie, Restmüll, 400 V Drehstrom, Kabelanschluss
102158;IBC Tank 1000 Liter ADR für Lebensmittel;Stück;211;Ja;19;;60,00;IBC Tank;Container & Lagerung;IBC 1.000 L ADR-zugelassen, Lebensmittelecht nach FDA 21 CFR, Gitterrahmen feuerverzinkt
102161;DT-Mobil Easy COMBI 850/100 l Diesel-/AdBlue®-Tank Premium, Bipumpe 12 V;Stück;3;Ja;19;;1500,00;Dieseltank;Container & Lagerung;
102185;40HC Container (High Cube Seecontainer);Stück;1;Ja;19;;970,00;Seecontainer;Container & Lagerung;Außenmaße 12,19×2,44×2,90 m, Stahl-Cortex, wind- und wasserdicht, CSC-Plakette, seefrachttauglich
102186;BOS-Kombicontainer;Stück;1;Ja;19;;2000,00;Kombicontainer;Container & Lagerung;Kombi aus Büro- und Lagercontainer, Wärmedämmung, Heizung inklusive, TÜV-geprüft, stapelbar
102187;Sanitärcontainer;Stück;1;Ja;19;;3270,00;Sanitärcontainer;Container & Lagerung;Sanitärcontainer mit WC und Waschbecken, Warmwasserboiler 30 L, Abwassertank, Für Baustellen zugelassen
102188;Bürocontainer;Stück;3;Ja;19;;2350,00;Bürocontainer;Container & Lagerung;Bürocontainer wärmegedämmt, Fenster, Tür, Elektroinstallation, Innenausbau nach Wunsch möglich
102194;TOI® HYGIENE+ Toilettenkabine;Stück;5;Ja;19;;460,00;Toilettenkabine;Container & Lagerung;Kabine mit Toilette und Handgel-Spender, UV-beständiger HDPE-Kunststoff, Inkl. Servicepumpe zur Entsorgung
102195;DIXI® GREEN Toilettenkabine;Stück;7;Ja;19;;570,00;Toilettenkabine;Container & Lagerung;Aus recycelten Fischernetzen gefertigt, Umweltfreundlich, 100 % Recycling-Kunststoff, Mit Handgel-Spender
102199;Abrollcontainer;Stück;1;Ja;19;;1620,00;Abrollcontainer;Container & Lagerung;Abrollcontainer-System, 20 m³, Kompatibel mit Hakenarm-LKW, Verzinkter Stahl, Nutzlast 12 t
102200;SIRCH Anhänger, Nutzlast 3.000 kg;Stück;3;Ja;19;;1230,00;Anhänger;Container & Lagerung;Holz-Ladefläche 2.600×1.800 mm, Stützrad, Auflaufbremse
102208;TIEK Anhänger, Schwerlast 5.000 kg;Stück;1;Ja;19;;5500,00;Anhänger;Container & Lagerung;Tandemachse, Druckluftbremse, Für Schwertransport zugelassen
102209;GREIS Sattelanhänger, 10.000 kg Nutzlast;Stück;1;Ja;19;;10100,00;Sattelanhänger;Container & Lagerung;Koffer-Aufbau 7,2 m Länge, Für LKW-Zugmaschinen
102225;HYVA-Kippaufbau, 3-Wege-Kipper;Stück;1;Ja;19;;18000,00;Kippaufbau;Container & Lagerung;Hydraulisch, Kipplast 10 t, Für LKW-Chassis ab 7,5 t
102226;Palfinger Ladekran, Ausladung 15 m;Stück;1;Ja;19;;16000,00;Ladekran;Container & Lagerung;Funkfernbedienung, Seilwinde optional, EU-konform, CE-Kennzeichnung
102227;GMEINER Streugerät, Streumenge 10–400 g/m²;Stück;1;Ja;19;;2530,00;Streugerät;Container & Lagerung;Hydraulischer Antrieb, Streubreite 2–12 m, Für Kommunalfahrzeuge
102137;Europalette 1200x800x144 mm, EPAL, neu;Stück;1707;Ja;19;;9,00;Europalette;Paletten & Transportbehälter;1.200×800×144 mm, EPAL-Stempel, Traglast 1.500 kg statisch, Aus KD-Holz (kiln dried)
102138;Europalette 1200x800x144 mm, EPAL, gebraucht - 1. Wahl;Stück;1241;Ja;19;;6,50;Europalette;Paletten & Transportbehälter;Geprüfte 1. Wahl, EPAL-Logo, Repariert nach EPAL-Norm, Traglast 1.000 kg dynamisch
102139;Europalette 1200x800x144 mm, EPAL, gebraucht 2. Wahl;Stück;629;Ja;19;;5,00;Europalette;Paletten & Transportbehälter;2. Wahl, leichte Beschädigungen, Günstige Alternative für Einmalversand, Traglast 750 kg
102145;Gitterbox stapelbar;Stück;625;Ja;19;;40,00;Gitterbox;Paletten & Transportbehälter;Maße 1.200×800×970 mm, verzinkt, Stapelbar bis 5 Stück, klappbar, Traglast 1.500 kg
102170;Klappbare Gitterboxen;Stück;99;Ja;19;;69,00;Gitterbox;Paletten & Transportbehälter;Maße 1.240×835×970 mm, verzinkt, Klappbar auf 1/3 Höhe, stapelbar, Traglast 750 kg
102171;Halbhohe Industriegitterboxpalette;Stück;118;Ja;19;;41,00;Gitterbox;Paletten & Transportbehälter;Halbhohe Ausführung, 600 mm Höhe, Stahl verzinkt, für Euro-Paletten, Stapelbar bis 10 Stück
102172;Gitterbox mit Gitterdeckel;Stück;494;Ja;19;;52,00;Gitterbox;Paletten & Transportbehälter;Gitterbox mit Deckel, 1.240×835×970 mm, Deckel abnehmbar, Sicherheitsverriegelung, Für Außenbereich geeignet
102173;Eurogitterboxen, Qualität fabrikneu;Stück;355;Ja;19;;39,00;Gitterbox;Paletten & Transportbehälter;Fabrikneu, FIFO-geeignet, Maße 1.200×800×970 mm, Verzinkter Stahl, galvanisch behandelt
102176;Europalette, fabrikneu;Stück;1493;Ja;19;;7,00;Europalette;Paletten & Transportbehälter;Fabrikneu EPAL-Logo, KD-Holz, Traglast 1.500 kg statisch, 1.200×800×144 mm
102178;UNIPAS Stahlpalette EU;Stück;177;Ja;19;;69,00;Stahlpalette;Paletten & Transportbehälter;Euromaß 1.200×800 mm, Stahl verzinkt, Traglast 2.000 kg, Lebensdauer > 20 Jahre, Für Dauerbetrieb
102179;Palettenkarton;Stück;510;Ja;19;;1,60;Palettenkarton;Paletten & Transportbehälter;Einzel-Wellpappe, 600 g/m², Für Palettenüberzug und Ladungssicherung, 50 Stück pro Bündel
102182;Holzaufsatzrahmen, 1-Brett;Stück;538;Ja;19;;2,70;Holzaufsatzrahmen;Paletten & Transportbehälter;1-Brett-Aufsatz, Holz 22 mm, Für Standard-Europalette 1.200×800 mm, Stapelbar bis 6 Stück
102080;Maschinenstretchfolie 500 mm x 1500 m;Stück;16;Ja;19;;420,00;Stretchfolie;Verpackung & Versandmaterial;Vorstreckfaktor 250 %, 20 my Stärke, Für automatische Palettenwickelmaschinen, Transparent, UV-stabilisiert
102081;Luftpolsterfolie 1000 mm x 100 m, EM-Qualität;Stück;211;Ja;19;;13,00;Luftpolsterfolie;Verpackung & Versandmaterial;EM-Qualität 50×50 mm Kammergröße, Geeignet für empfindliche Elektronik, Perforierbar, transparent
102082;EP-6000 Umreifungsmaschine, 12mm PP-Band (Neuware);Stück;1;Ja;19;;1279,00;Umreifungsmaschine;Verpackung & Versandmaterial;27 Zyklen/Min., 10-45 kg Spannung, Rahmen: 850x600 mm, Tischhöhe: 810 mm, Maße: 1430x620x1540 mm, 220 kg, 230 V
102153;Stretchmaschine PS OneWrap;Stück;8;Ja;19;;1890,00;Stretchmaschine;Verpackung & Versandmaterial;Umwicklungsleistung 30 Pal./Std., Vorstreckung bis 250 %, Folienstärke 23 my, Drehtellerdurchmesser 1.500 mm
102217;Kommissionierwagen mit Etage;Stück;77;Ja;19;;49,00;Kommissionierwagen;Verpackung & Versandmaterial;2 Etagen, Traglast 150 kg je Etage, Verzinkter Stahl, stabil
102218;Palettenwickler mit Dreharm Ecowrap EWP100, neu;Stück;1;Ja;19;;3700,00;Palettenwickler;Verpackung & Versandmaterial;Dreharm-Wickler, Drehteller ø 2.000 mm, Motorisierter Arm, 300 % Vorstreckung, 30 Paletten/Std.
102220;Schake – Absperrgitter Typ U;Stück;12;Ja;19;;60,00;Absperrgitter;Verpackung & Versandmaterial;Absperrgitter Typ U, 3.000×1.200 mm, Feuerverzinkt, Stapelösen, Für Baustellen und Events
102077;Satino Smart, 3-lagig, 1 Palette (264 x 8 Rollen);Stück;9;Ja;19;;500,00;Toilettenpapier;Reinigung & Hygiene;3-lagig, Zellstoff weiß, 264 Rollen/Palette, 9,15 m pro Rolle, Blattformat 10×10 cm, Für Spender 19 mm Kern
102078;Satino Comfort Handtuchpapier, V-Falz, 1 Palette;Stück;8;Ja;19;;220,00;Handtuchpapier;Reinigung & Hygiene;V-Falz, 25×23 cm, 3.780 Tücher/Palette, Weiß, 2-lagig, FSC-zertifiziert, Für Handtuchspender geeignet
102079;Putztuchrollen 3-lagig, blau, 1 Palette (36 Rollen);Stück;6;Ja;19;;250,00;Putztücher;Reinigung & Hygiene;3-lagig blau, 380×360 mm, 36 Rollen/Palette, Fettbeständig und reißfest, Für Werkstatt und Industrie
102134;Kärcher B 40 W Bp, neu;Stück;7;Ja;19;;2450,00;Scheuersaugmaschine;Reinigung & Hygiene;Arbeitsbreite 43 cm, Antrieb Akku 36 V, Tankvolumen 40 L, Saugturbine 2.200 W, Für Supermarkt und Logistik
102135;Nilfisk SC500 53B, Scheuersaugmaschine, 24 V, neu;Stück;3;Ja;19;;2000,00;Scheuersaugmaschine;Reinigung & Hygiene;24 V Lithium-Ionen Akku, Laufzeit 3 Std., Arbeitsbreite 53 cm, Frischwasser 40 L, Schall < 65 dB
102136;Kärcher HDS 8/18-4 CX, Heißwasser-Hochdruckreiniger, neu;Stück;6;Ja;19;;1140,00;Hochdruckreiniger;Reinigung & Hygiene;Betriebsdruck 200 bar, Heißwasser bis 155 °C, Kesselleistung 24 kW Dieselheizung, Hochdruckschlauch 20 m
102149;Scheuersaugmaschine SWM50E mit Akku;Stück;13;Ja;19;;1000,00;Scheuersaugmaschine;Reinigung & Hygiene;Akku 36 V / 40 Ah, Laufzeit 3 Std., Arbeitsbreite 50 cm, Frischwasser 40 L, Schmal für enge Gänge
102239;Rey Hauptartikel CIE-Weiß 161;Stück;7;Ja;19;;580,00;Fertigungseinheit;Reinigung & Hygiene;Stationäre Fertigungs-Einheit, CIE Weiß RAL 9016, hochglänzend, Für Industrie-Lackierlinien
102053;Aral Ultimate Diesel;Stück;23000;Ja;19;;0,99;Diesel;Kraftstoffe, Öle & Betriebsmittel;Preis pro Liter, Lieferung ab 1.000 Liter, DIN EN 590, Cetanzahl ≥ 51, Additiviert für optimale Motorleistung
102054;Aral LKW-Diesel, DIN EN 590;Stück;29000;Ja;19;;0,85;Diesel;Kraftstoffe, Öle & Betriebsmittel;Preis pro Liter, DIN EN 590 Standard, Speziell für LKW-Dieselmotoren optimiert, Schwefelgehalt < 10 mg/kg
102140;AdBlue 1000 Liter für Diesel;Stück;36;Ja;19;;430,00;AdBlue;Kraftstoffe, Öle & Betriebsmittel;Harnstofflösung 32,5 %, AUS 32, ISO 22241 zertifiziert, 1.000 Liter IBC-Container
102154;Kältemittel R1234yf, 7 kg (TEGA), (Neuware);Stück;17;Ja;19;;240,00;Kältemittel;Kraftstoffe, Öle & Betriebsmittel;R1234yf Low-GWP Kältemittel (GWP 4), 7 kg Flasche, druckgeprüft, Für neuere Kfz-Klimaanlagen ab 2017
102086;Lifeline Pro AED, mit EKG, neu;Stück;12;Ja;19;;1220,00;AED;Sicherheit & Ersthelfer;Halbautomatischer AED mit EKG-Analyse
102087;BIGPACK 5x Erste-Hilfe-Koffer, DIN 13169, neu;Stück;17;Ja;19;;140,00;Erste-Hilfe;Sicherheit & Ersthelfer;DIN 13169 Norm, 5 Koffer pro Set, Inhalt: Verbandmaterial, Einmalhandschuhe, Rettungsdecke, Wandhalterung inklusive
102088;ProLine Feuerlöscher ABC-Pulver, 6 kg, mit Halterung;Stück;9;Ja;19;;120,00;Feuerlöscher;Sicherheit & Ersthelfer;ABC-Pulver 6 kg, Löschreichweite 6 m, BSI-geprüft, TÜV-zertifiziert, Druckmanometer und Wandhalterung
102230;Bauer Südlohn Streugerät SH, lackiert, Gelborange;Stück;1;Ja;19;;1700,00;Streugerät;Sicherheit & Ersthelfer;Streubreite 1,5–5 m, Volumen: 400 L, Gelborange lackiert, verzinkter Rahmen, Zapfwellenantrieb 540 U/min